{
    "Random Forest": {
        "cv_scores": [
            0.967032967032967,
            0.9560439560439561,
            0.9560439560439561,
            0.978021978021978,
            0.9111111111111111
        ],
        "mean_cv_score": 0.9536507936507936
    },
    "Logistic Regression": {
        "cv_scores": [
            0.978021978021978,
            0.989010989010989,
            1.0,
            0.978021978021978,
            0.9555555555555556
        ],
        "mean_cv_score": 0.9801221001221002
    },
    "XGBoost": {
        "cv_scores": [
            0.978021978021978,
            0.989010989010989,
            0.9560439560439561,
            0.978021978021978,
            0.9444444444444444
        ],
        "mean_cv_score": 0.9691086691086692
    },
    "LightGBM": {
        "cv_scores": [
            0.978021978021978,
            0.989010989010989,
            0.9560439560439561,
            0.967032967032967,
            0.9333333333333333
        ],
        "mean_cv_score": 0.9646886446886448
    },
    "best_params": {
        "C": 0.2514803430827464
    },
    "validation_metrics": {
        "accuracy": 0.9649122807017544,
        "precision": 0.9652654363180679,
        "recall": 0.9649122807017544,
        "f1_score": 0.9647766759894906
    }
}