{
    "Random Forest": {
        "cv_scores": [
            -3.9591977956633055,
            -3.1363098529684774,
            -4.692263710448832,
            -3.8415392989249995,
            -3.068649790624535
        ],
        "mean_cv_score": -3.7395920897260297
    },
    "Linear Regression": {
        "cv_scores": [
            -4.825602351498211,
            -4.854343314408731,
            -6.0394138334897995,
            -5.0750149810011385,
            -3.5370237009375236
        ],
        "mean_cv_score": -4.866279636267081
    },
    "XGBoost": {
        "cv_scores": [
            -3.579977017127535,
            -3.159271359551171,
            -4.014214633848971,
            -4.014519751222601,
            -3.167631764919625
        ],
        "mean_cv_score": -3.587122905333981
    },
    "LightGBM": {
        "cv_scores": [
            -3.5722467049428777,
            -3.2246890005890685,
            -4.7793018519617645,
            -3.865663667153687,
            -3.180553470670983
        ],
        "mean_cv_score": -3.7244909390636765
    },
    "best_params": {},
    "validation_metrics": {
        "rmse": 4.928602182665336,
        "r2_score": 0.668759493535632
    }
}